{
    "target_stock": "AAPL",
    "best_weights": [
        0.1539989775670204,
        0.9028520177134048,
        0.9298495338917226,
        0.0009408212097720137,
        0.11153629336087345,
        0.3203701710544238,
        0.5401180056578613,
        0.3752113286178106,
        0.02325138115287939,
        0.3069010193514057,
        0.7269041698196114,
        0.7188678653944304,
        0.6278151578193335,
        0.22562510403886715,
        0.3736857214082999
    ],
    "buy_threshold": 0.05114308330965864,
    "sell_threshold": 0.09983589944283808,
    "best_fitness": 221.88501358032227
}